list;item;condition;statement;denial;question;answer_A;answer_B;correct_answer
A;1;a;Hallo, ich bin Bedingung A von Item 1. ;Wow!;Frage eins für Item 1?;diese Antwort (A);jene Antwort (B);A
B;1;b;Hallo, ich bin Bedingung B von Item 1. ;Wow!;Frage eins für Item 1?;diese Antwort (A);jene Antwort (B);A
C;1;c;Hallo, ich bin Bedingung C von Item 1. ;Wow!;Frage eins für Item 1?;diese Antwort (A);jene Antwort (B);A
D;1;d;Hallo, ich bin Bedingung D von Item 1. ;Wow!;Frage eins für Item 1?;diese Antwort (A);jene Antwort (B);A
B;2;a;Hallo, ich bin Bedingung A von Item 2. ;Super!;Frage eins für Item 2?;diese Antwort (A);jene Antwort (B);B
C;2;b;Hallo, ich bin Bedingung B von Item 2. ;Super!;Frage eins für Item 2?;diese Antwort (A);jene Antwort (B);B
D;2;c;Hallo, ich bin Bedingung C von Item 2. ;Super!;Frage eins für Item 2?;diese Antwort (A);jene Antwort (B);B
A;2;d;Hallo, ich bin Bedingung D von Item 2. ;Super!;Frage eins für Item 2?;diese Antwort (A);jene Antwort (B);B
C;3;a;Hallo, ich bin Bedingung A von Item 3. ;Großartig!;Frage eins für Item 3?;diese Antwort (A);jene Antwort (B);A
D;3;b;Hallo, ich bin Bedingung B von Item 3. ;Großartig!;Frage eins für Item 3?;diese Antwort (A);jene Antwort (B);A
A;3;c;Hallo, ich bin Bedingung C von Item 3.;Großartig!;Frage eins für Item 3?;diese Antwort (A);jene Antwort (B);A
B;3;d;Hallo, ich bin Bedingung D von Item 3.;Großartig!;Frage eins für Item 3?;diese Antwort (A);jene Antwort (B);A
D;4;a;Hallo, ich bin Bedingung A von Item 4.;Klasse!;Frage eins für Item 4?;diese Antwort (A);jene Antwort (B);B
A;4;b;Hallo, ich bin Bedingung B von Item 4.;Klasse!;Frage eins für Item 4?;diese Antwort (A);jene Antwort (B);B
B;4;c;Hallo, ich bin Bedingung C von Item 4.;Klasse!;Frage eins für Item 4?;diese Antwort (A);jene Antwort (B);B
C;4;d;Hallo, ich bin Bedingung D von Item 4.;Klasse!;Frage eins für Item 4?;diese Antwort (A);jene Antwort (B);B
A;5;a;Hallo, ich bin Bedingung A von Item 5;Wow!;Frage eins für Item 1?;diese Antwort (A);jene Antwort (B);A
B;5;b;Hallo, ich bin Bedingung B von Item 5;Wow!;Frage eins für Item 1?;diese Antwort (A);jene Antwort (B);A
C;5;c;Hallo, ich bin Bedingung C von Item 5;Wow!;Frage eins für Item 1?;diese Antwort (A);jene Antwort (B);A
D;5;d;Hallo, ich bin Bedingung D von Item 5;Wow!;Frage eins für Item 1?;diese Antwort (A);jene Antwort (B);A
B;6;a;Hallo, ich bin Bedingung A von Item 6;Super!;Frage eins für Item 2?;diese Antwort (A);jene Antwort (B);B
C;6;b;Hallo, ich bin Bedingung B von Item 6;Super!;Frage eins für Item 2?;diese Antwort (A);jene Antwort (B);B
D;6;c;Hallo, ich bin Bedingung C von Item 6;Super!;Frage eins für Item 2?;diese Antwort (A);jene Antwort (B);B
A;6;d;Hallo, ich bin Bedingung D von Item 6;Super!;Frage eins für Item 2?;diese Antwort (A);jene Antwort (B);B
C;7;a;Hallo, ich bin Bedingung A von Item 7;Großartig!;Frage eins für Item 3?;diese Antwort (A);jene Antwort (B);A
D;7;b;Hallo, ich bin Bedingung B von Item 7;Großartig!;Frage eins für Item 3?;diese Antwort (A);jene Antwort (B);A
A;7;c;Hallo, ich bin Bedingung C von Item 7;Großartig!;Frage eins für Item 3?;diese Antwort (A);jene Antwort (B);A
B;7;d;Hallo, ich bin Bedingung D von Item 7;Großartig!;Frage eins für Item 3?;diese Antwort (A);jene Antwort (B);A
D;8;a;Hallo, ich bin Bedingung A von Item 8;Klasse!;Frage eins für Item 4?;diese Antwort (A);jene Antwort (B);B
A;8;b;Hallo, ich bin Bedingung B von Item 8;Klasse!;Frage eins für Item 4?;diese Antwort (A);jene Antwort (B);B
B;8;c;Hallo, ich bin Bedingung C von Item 8;Klasse!;Frage eins für Item 4?;diese Antwort (A);jene Antwort (B);B
C;8;d;Hallo, ich bin Bedingung D von Item 8;Klasse!;Frage eins für Item 4?;diese Antwort (A);jene Antwort (B);B
A;9;a;Hallo, ich bin Bedingung A von Item 9;Wow!;Frage eins für Item 1?;diese Antwort (A);jene Antwort (B);A
B;9;b;Hallo, ich bin Bedingung B von Item 9;Wow!;Frage eins für Item 1?;diese Antwort (A);jene Antwort (B);A
C;9;c;Hallo, ich bin Bedingung C von Item 9;Wow!;Frage eins für Item 1?;diese Antwort (A);jene Antwort (B);A
D;9;d;Hallo, ich bin Bedingung D von Item 9;Wow!;Frage eins für Item 1?;diese Antwort (A);jene Antwort (B);A
B;10;a;Hallo, ich bin Bedingung A von Item 10;Super!;Frage eins für Item 2?;diese Antwort (A);jene Antwort (B);B
C;10;b;Hallo, ich bin Bedingung B von Item 10;Super!;Frage eins für Item 2?;diese Antwort (A);jene Antwort (B);B
D;10;c;Hallo, ich bin Bedingung C von Item 10;Super!;Frage eins für Item 2?;diese Antwort (A);jene Antwort (B);B
A;10;d;Hallo, ich bin Bedingung D von Item 10;Super!;Frage eins für Item 2?;diese Antwort (A);jene Antwort (B);B
C;11;a;Hallo, ich bin Bedingung A von Item  11;Großartig!;Frage eins für Item 3?;diese Antwort (A);jene Antwort (B);A
D;11;b;Hallo, ich bin Bedingung B von Item 11;Großartig!;Frage eins für Item 3?;diese Antwort (A);jene Antwort (B);A
A;11;c;Hallo, ich bin Bedingung C von Item 11;Großartig!;Frage eins für Item 3?;diese Antwort (A);jene Antwort (B);A
B;11;d;Hallo, ich bin Bedingung D von Item 11;Großartig!;Frage eins für Item 3?;diese Antwort (A);jene Antwort (B);A
D;12;a;Hallo, ich bin Bedingung A von Item 12;Klasse!;Frage eins für Item 4?;diese Antwort (A);jene Antwort (B);B
A;12;b;Hallo, ich bin Bedingung B von Item 12;Klasse!;Frage eins für Item 4?;diese Antwort (A);jene Antwort (B);B
B;12;c;Hallo, ich bin Bedingung C von Item 12;Klasse!;Frage eins für Item 4?;diese Antwort (A);jene Antwort (B);B
C;12;d;Hallo, ich bin Bedingung D von Item 12;Klasse!;Frage eins für Item 4?;diese Antwort (A);jene Antwort (B);B
